1958;1169;2623615.90304120,1235804.49599059,2623890.26834134,1235968.30244404
2356;1081;2640617.48927860,1245263.98317278,2640668.44548263,1245287.36333261
2248;1386;2619761.33552292,1240035.00568180,2623849.11200789,1242555.31627262
2408;1170;2605827.70657644,1231291.37797610,2606291.20591414,1231516.58321908
2147;1392;2612227.21765776,1248353.28513939,2612979.66012094,1248841.12859945
2504;1378;2616286.75879534,1240755.44433253,2618120.84939808,1241764.78013548
2550;1210;2613003.30473795,1259615.29164306,2613050.48763352,1259637.68038958
2084;1168;2601712.08733597,1218709.20493568,2604253.55121050,1220133.59543734
2390;1117;2636759.52902378,1248964.77089228,2636855.19959192,1249009.48387329
2541;1436;2609388.57929290,1232461.14413697,2610065.53245622,1232843.71192230
2486;1120;2606637.81418402,1257442.42905077,2606709.30667301,1257474.63805627
2459;1119;2637183.44060099,1242936.63248421,2637305.24661093,1242992.06189662
2116;1165;2620381.84782499,1240889.11693008,2621271.41211239,1241378.88176695
2083;1220;2638053.61270892,1245859.65680126,2640894.94474883,1247523.80710788
2321;1296;2618572.00833869,1245739.91493050,2618734.33936210,1245830.55732875
2002;1327;2605195.77491362,1224344.01662779,2605395.70285301,1224476.53629591
2182;1399;2608302.04942740,1226540.70757059,2609333.91642892,1227202.29415864
2095;1416;2593396.66015063,1227996.91178441,2594038.20978399,1228430.53196620
2351;1104;2615594.47458757,1222562.83713394,2615665.94245438,1222596.39754438
2267;1173;2608884.71815094,1249506.53770321,2608959.69103139,1249545.33046403
2282;1186;2635497.09583141,1244820.68222395,2635939.95715955,1245050.84591158
2010;1272;2614956.03066936,1252794.01747568,2615194.45376549,1252944.90015145
2095;1407;2626085.79018103,1234334.32705394,2626217.79259344,1234422.97974810
2238;1433;2615644.98222884,1252844.99411099,2616238.82747038,1253225.23550113
2048;1331;2626824.32203737,1240579.50277332,2626871.78240360,1240610.34737656
2411;1236;2622253.00446562,1236203.67642673,2622349.33716877,1236253.06142096
2022;1346;2595863.05734843,1229274.37716740,2597707.96748578,1230502.49242204
2109;1429;2603812.28637911,1227584.28819951,2604241.76020902,1227875.28777416
1977;1166;2640633.98832186,1243728.26372938,2641150.53324456,1244032.91288460
2178;1247;2598756.86800089,1226379.16359972,2598800.36649594,1226404.06838545
2068;1314;2610652.73132387,1233704.12789342,2610882.58501999,1233850.17613167
1987;1395;2610059.84433061,1236790.04817352,2611795.19328520,1238008.37318190
2259;1346;2619019.35131663,1258722.06813652,2619048.38475074,1258739.36738500
2460;1151;2597424.72122993,1229876.47159053,2598605.11643965,1230428.76219475
1961;1363;2610641.83395956,1229821.68771671,2611411.53739203,1230356.67281537
2560;1255;2606093.26853438,1231480.49718838,2608835.48526132,1232824.82609163
2227;1123;2611683.19314485,1250491.25543223,2611711.76234590,1250505.66190407
2088;1187;2630091.35097873,1240849.66933262,2630950.63077296,1241338.15837274
2239;1113;2619257.97084587,1243201.28805162,2620403.55569882,1243770.75475164
2376;1254;2635492.32208500,1247130.32054816,2636463.23334335,1247642.74593451
2026;1437;2618278.51468604,1255939.50923181,2618658.98729707,1256209.37060498
2095;1158;2628135.84691488,1240818.15414622,2628253.60171979,1240883.24248230
2053;1089;2600857.49557512,1219155.04868061,2600909.61737961,1219182.69634019
2545;1167;2604016.65866978,1220035.00682523,2605454.76861889,1220694.44663293
1973;1426;2617414.49174970,1239451.83448726,2617463.79496423,1239487.46874165
2018;1341;2630143.41945731,1241187.56989904,2630172.50868967,1241206.90025612
2084;1188;2628904.36281489,1239921.39262307,2629272.22968454,1240131.09792113
2475;1419;2640636.30722979,1249636.76737049,2640685.90524114,1249665.20356367
2354;1367;2613672.69137560,1243826.77074016,2613749.52954480,1243871.39171607
2062;1378;2614834.62732543,1242329.28413050,2614895.92235959,1242370.24657331
2170;1242;2603964.73616150,1222082.00708073,2605672.58649422,1223059.49561218
2369;1290;2604402.35814207,1258037.23380926,2606592.88786127,1259230.05075217
2136;1126;2608835.02152990,1229679.35827589,2612532.99151436,1231628.75631076
2454;1264;2636849.99594232,1246247.87546968,2636897.73517581,1246272.46487112
2560;1132;2610002.86708829,1240866.56807480,2610049.12066553,1240887.02082849
2128;1356;2634282.09531548,1243774.73417979,2634343.84195622,1243814.08025349
2534;1297;2607828.46428354,1250981.92794027,2608357.59607998,1251252.75822440
2437;1081;2604374.88326830,1231322.70762579,2604529.32360303,1231391.21398682
2002;1206;2628191.07471530,1244814.78899184,2629447.47325575,1245571.64046026
2177;1339;2607534.24527187,1230684.91400274,2608162.66112229,1231071.43160665
2411;1191;2630741.51115708,1244273.37655664,2630863.72269204,1244333.74733148
1983;1185;2611932.39937460,1236901.26470935,2612652.85215691,1237331.79246882
2538;1410;2610924.68823115,1226648.54298457,2611501.93333405,1226969.23470841
2092;1283;2631492.28008480,1242225.00221603,2631599.76179795,1242290.91953819
2515;1253;2612336.49606358,1230536.13724014,2613459.57926981,1231095.66935044
2359;1218;2616389.83769455,1240529.42479554,2616585.70354295,1240630.55434338
2498;1139;2600688.63032732,1253324.50895595,2600714.13677451,1253336.13899733
2349;1307;2628703.76876959,1235344.55806833,2628856.90816522,1235429.76589723
2051;1259;2616956.67793336,1256895.87231447,2617539.07638112,1257253.37579849
2099;1087;2607170.53264198,1229816.23849053,2607575.86479581,1230026.14608997
2159;1111;2610135.65566966,1237887.79620941,2610178.30490680,1237909.74308410
2444;1345;2607292.61239510,1250940.47586833,2607338.72618721,1250965.85354852
2081;1195;2604086.03996339,1232789.24568432,2604268.91813756,1232894.26222354
2165;1407;2607421.59940672,1245985.76315672,2611012.62585960,1248319.51568291
2099;1364;2621629.11790311,1239863.80830063,2621982.60307767,1240093.51472183
2375;1369;2609717.92215583,1247143.57826112,2612108.70846061,1248521.67781953
2113;1403;2610438.05634800,1238762.90837849,2610695.73622655,1238934.00391545
2397;1217;2605135.45633103,1257287.16505720,2605201.08350887,1257320.48515542
2521;1366;2613001.74928011,1258178.02956327,2613086.86493964,1258224.14935340
2043;1281;2609410.75657942,1237741.16273443,2609650.77207640,1237891.65703283
2326;1382;2596849.19713927,1217963.41342631,2597644.37727299,1218435.87213000
1937;1177;2621840.43128958,1241805.34309455,2624127.13318206,1243194.83619080
2481;1316;2600833.35610425,1230647.52006202,2600883.98131013,1230674.37325466
2307;1416;2598190.50979432,1216798.87606501,2598274.18822127,1216850.23655593
2401;1271;2639043.16012730,1246380.88038761,2639310.30828671,1246522.29867607
2073;1097;2604774.00223540,1246926.62777321,2604834.72197672,1246958.75973473
2330;1099;2638634.60260770,1243897.05315398,2638876.97607208,1244011.37437173
2546;1195;2605979.78676584,1229020.32894338,2606956.88845974,1229478.94501730
2522;1212;2616327.88731334,1245528.32335827,2616381.28797041,1245553.98616412
2396;1161;2594963.56735190,1226810.75908956,2595010.61600489,1226833.55687175
2451;1344;2607237.73309752,1230095.46589532,2611709.00773731,1232547.27867210
2127;1095;2617063.87414194,1225483.89379170,2617245.34687200,1225577.31769363
2468;1146;2607699.25610458,1228345.65173332,2609770.02944020,1229307.20207473
2553;1343;2626427.27026203,1234984.81752694,2627131.52249260,1235355.28785427
1982;1199;2617223.01771785,1251790.59748529,2617618.00532231,1252029.54306438
2199;1259;2615319.07375286,1224065.78112149,2615702.29279857,1224285.18665971
2334;1404;2600608.62294949,1233584.72119311,2601468.68205884,1234102.08322804
2434;1239;2612015.22168883,1230239.21906121,2613059.83277889,1230770.96644847
2030;1383;2621930.34275697,1242327.09865687,2622042.20856030,1242403.31067953
2192;1123;2627417.47453931,1237815.08312021,2627534.81062921,1237875.19645459
2389;1246;2600986.66958609,1220805.95782254,2601041.56196121,1220834.58733254
2506;1274;2611553.17329257,1241070.49849445,2615371.63337501,1243011.72680452
1958;1156;2607777.94826855,1244624.17203401,2608415.35255413,1245000.49448250
2255;1365;2642670.32005782,1245266.58595645,2642900.52027697,1245405.93110019
1984;1293;2634389.77869723,1248006.95677703,2635710.67109403,1248867.80046103
2043;1424;2611156.42139239,1241147.53415187,2612239.41442942,1241902.39567156
2231;1277;2611674.03269187,1230637.17754274,2612188.26949072,1230931.52106229
2423;1230;2612345.05689478,1227746.64423778,2613880.23574817,1228525.95500528
2347;1161;2607590.21235587,1247954.69194656,2610794.77422843,1249539.90555288
2082;1086;2614251.55563973,1253554.76073858,2614999.10304608,1253944.69180645
2263;1120;2607431.86063739,1249966.58131657,2608584.38856355,1250536.98842099
2528;1310;2615119.31914831,1240556.42811487,2617641.58452857,1241863.45645670
1921;1238;2608091.87406845,1231880.07511998,2608138.61592539,1231910.19819072
2341;1356;2635233.17989961,1246202.80792370,2635270.64333338,1246224.50822963
2255;1431;2605343.76139726,1258116.85759955,2605395.56781250,1258149.73342225
2241;1164;2609446.30832207,1249072.52723920,2609474.56765323,1249087.20544601
2007;1189;2631184.66684360,1241855.83212773,2633843.06849370,1243430.73973210
2088;1334;2624783.85106368,1239201.49243771,2624837.85347946,1239235.99398113
2064;1195;2614496.68915892,1244986.37108472,2615195.06647944,1245390.71260508
2012;1400;2608216.16137476,1223769.92165702,2608331.76899915,1223850.36433801
2092;1139;2605680.83206639,1233236.51031462,2606804.14492636,1233848.10369297
2143;1388;2602830.96188723,1226776.84694694,2602958.86419311,1226859.68801112
2212;1169;2639246.24226172,1249824.23652136,2639317.89325688,1249862.10271185
2087;1341;2631079.74145008,1246527.96719360,2631148.43727495,1246572.10763497
2454;1177;2608712.12441156,1248270.15622107,2608853.49387851,1248337.96056606
2139;1301;2602763.43080747,1247986.22309820,2603393.00900620,1248369.15027751
2345;1188;2610223.39385453,1225238.10334145,2613591.20509494,1226944.26954768
2407;1268;2624316.64165996,1236630.53956034,2624645.94354287,1236804.01475251
2475;1125;2621806.82381050,1235512.19633395,2622061.94851464,1235628.16210856
2187;1273;2610822.60015193,1237840.63126941,2610956.92644386,1237918.81936709
2541;1099;2605420.54078332,1232398.12943781,2605747.44980476,1232539.51984102
2177;1160;2629164.95645976,1244996.49106696,2629839.38468064,1245355.85566789
2181;1258;2631568.98966764,1239374.93068219,2631729.79948608,1239467.68572648
2071;1130;2612746.76379223,1237139.83003784,2613264.02607123,1237422.06392257
2423;1299;2599363.31955088,1216828.85061921,2599588.87703579,1216949.77475165
2337;1152;2639110.21002455,1247765.27622003,2639148.51654574,1247784.15902380
1975;1384;2616536.10542350,1258710.09287750,2616567.26119401,1258731.92557946
2208;1425;2614669.57032394,1227063.40530970,2614981.60878605,1227264.78882805
2494;1307;2638786.51456608,1246543.48702013,2640065.12330639,1247213.55182510
2013;1256;2628700.46908810,1237601.25346815,2628720.62586068,1237613.83017275
2471;1332;2598811.08659190,1252258.33558218,2600449.95149679,1253141.77065029
2186;1227;2596814.25608844,1227233.26824163,2597102.22294126,1227394.90379900
2239;1435;2611114.04269911,1250280.68909170,2612223.94881593,1250992.04026528
2046;1313;2605031.63448787,1231269.60813467,2605250.20004364,1231409.87039016
2011;1184;2598994.67575568,1252849.60338296,2599019.14322120,1252864.00889225
2256;1395;2612493.69943517,1252799.17057056,2612554.73480507,1252836.91185647
2272;1439;2605360.50662242,1232609.49946139,2605518.59638372,1232709.62761567
1986;1365;2633713.06866808,1246560.04524421,2634025.92632820,1246775.07581121
2505;1104;2607003.23079746,1234166.32328596,2607199.80784059,1234252.95843790
1928;1282;2610110.12915851,1246451.19673393,2612477.18256283,1248025.13992082
2023;1348;2598608.36572902,1226136.44267516,2599477.71932661,1226715.72525032
2033;1282;2622987.03121372,1236490.98650219,2623280.74740160,1236676.20251443
2538;1366;2629175.85808321,1243859.10575069,2629349.81448199,1243952.73240189
2227;1224;2611104.70929707,1239213.02054911,2615724.36665752,1241752.06886935
2381;1176;2615981.01548696,1237308.21490310,2616019.64288179,1237327.29336438
2120;1124;2600678.75328567,1220237.79644549,2600992.97271023,1220404.39202719
2373;1210;2604446.93950325,1221678.78761246,2604706.64665016,1221811.21308560
2159;1280;2600942.13614103,1214539.09939604,2601235.76651356,1214713.18317410
2238;1142;2621636.32328148,1238508.19306403,2621975.77140060,1238681.40564314
1928;1088;2629736.07469999,1241252.45051163,2630053.90566536,1241431.80740494
1953;1142;2601363.79267661,1226970.98509706,2602733.50424523,1227771.91218942
2033;1099;2602195.03026943,1234674.61261088,2602384.47384058,1234777.02209670
2051;1235;2609568.46873665,1241055.40985935,2609818.04324187,1241205.68997341
2097;1426;2644262.64757406,1248819.75618342,2644399.47423203,1248912.80092079
2216;1246;2600579.53315864,1221235.37646919,2600715.46477490,1221311.80733285
2501;1231;2626831.48953221,1237153.94426316,2628147.24202593,1237801.56174407
2083;1369;2596304.68577835,1229937.99191390,2596359.77393392,1229974.19723553
2227;1090;2602048.71976304,1257974.49162751,2602335.10848311,1258114.66392427
2220;1235;2637797.87089518,1245071.58311045,2637896.02445746,1245126.18655613
2547;1233;2605562.49020414,1228320.28103991,2605591.72952195,1228334.43576267
2124;1230;2615567.18697185,1243748.03153429,2615600.12726204,1243767.10712607
1959;1277;2616421.44254616,1238273.33726331,2616754.93542409,1238490.72899640
2305;1303;2604749.89039336,1233031.50341980,2604945.25560486,1233141.94197537
2451;1113;2607595.91390326,1225410.66018315,2607689.00253312,1225452.93176414
2196;1253;2596665.07023265,1230262.29764741,2596907.39658763,1230400.56491644
2315;1095;2597465.36177909,1227732.39166879,2597490.81619774,1227744.43166379
2195;1142;2610921.14744477,1235448.58730405,2610982.37347695,1235480.44157683
2481;1138;2600752.96378670,1247580.16957631,2600998.22200347,1247692.66609009
2375;1096;2598219.08118508,1231338.71164238,2598279.30410450,1231366.50293487
2401;1192;2597888.00150678,1228284.61773729,2603662.86461408,1231151.60516916
2348;1114;2599119.35268528,1218321.93378561,2599881.26528937,1218683.42042997
2261;1435;2617160.67961309,1226658.14976598,2617186.13475909,1226674.30550880
2098;1359;2621575.77912140,1242878.25191949,2623066.01662121,1243843.56782142
1960;1159;2628962.16907927,1236063.35320872,2629267.44609830,1236243.87160925
2178;1297;2611962.35404627,1230216.87377482,2612040.75257304,1230263.56013351
2527;1157;2611822.41014791,1239136.12413770,2612004.87166076,1239219.66508363
2103;1080;2605539.12088394,1220330.68391054,2605563.14555403,1220343.02182956
2437;1160;2604889.40845428,1225780.93249511,2605257.74761481,1225956.26012178
2543;1122;2611267.78430375,1251644.70032237,2611315.17575105,1251665.60995818
2332;1080;2602485.50560372,1232316.86984257,2602532.72742967,1232338.73929884
2187;1388;2613319.66344432,1258779.30445191,2613352.21766887,1258799.96529492
2280;1142;2606268.96020324,1233180.56488718,2606302.05474590,1233197.14118881
2502;1416;2624574.86127474,1235828.36668784,2626443.86179123,1236886.12237583
2099;1438;2609042.99609074,1237812.53581684,2609098.48005596,1237850.54722321
2176;1388;2603588.86462728,1230963.89971021,2603777.55037642,1231084.25624505
2082;1181;2635387.45937379,1247669.64802570,2635831.07262226,1247921.28455138
2221;1270;2611087.03596787,1250226.56707100,2611152.48696024,1250263.99289734
2080;1150;2612806.09659300,1241220.46029568,2612834.62521806,1241236.23333357
2143;1175;2611812.69168885,1225316.30906920,2611882.18217451,1225354.41047874
1951;1262;2614027.52480868,1226437.73510378,2614244.01160562,1226577.76910570
1977;1416;2599718.65758237,1228539.68397040,2599741.87632137,1228556.31408392
2513;1176;2615379.76483059,1242316.60901715,2615603.70700292,1242421.40646827
2078;1113;2631173.40942253,1239150.55412236,2631196.36944502,1239162.85176675
2424;1382;2598758.55512650,1229972.61168261,2599218.81794244,1230235.02224846
2372;1241;2602757.26974002,1226968.74592767,2602806.07121295,1226994.27823286
1981;1253;2610991.64306878,1239240.12820764,2611116.52437528,1239319.11673720
2465;1262;2598542.66571062,1216906.07021604,2601456.84998911,1218398.03798864
2048;1414;2616401.34116032,1226800.61247103,2616469.81864946,1226847.89136246
2169;1399;2600448.64522364,1253685.59781830,2600590.99759114,1253777.41476718
2555;1145;2596087.67053652,1227545.11772765,2596169.63756415,1227581.85050520
1946;1379;2639841.76515826,1243964.44782278,2640582.76858465,1244489.54737314
2147;1345;2630852.29911657,1246941.77252254,2630916.05922904,1246981.71539690
2460;1421;2609899.61302254,1240996.72873157,2610602.52083168,1241402.75799856
2157;1152;2604180.41121274,1228136.16645387,2604203.77243761,1228148.64310248
2018;1420;2599429.30898767,1217893.90538874,2599537.56893588,1217970.08434140
2400;1347;2633839.96776914,1242557.22155429,2633867.72660069,1242572.80119850
1943;1344;2599363.70020563,1226174.65272000,2600625.19089243,1227047.24329285
2210;1335;2606774.03563822,1234835.84719555,2606951.25035772,1234942.89771615
2517;1082;2624674.35020913,1240147.90836114,2624852.57295451,1240224.52219130
2126;1182;2602370.90866982,1221252.61739914,2602476.06305006,1221311.08046473
2286;1429;2608568.75790699,1240242.35095622,2608712.91552478,1240332.46523260
2018;1146;2641507.03999227,1248314.71353474,2642279.75298116,1248753.52874052
2048;1390;2604597.42614212,1230198.36372183,2604667.84509679,1230246.15783658
2516;1420;2612966.10112851,1249305.46953714,2613001.87669259,1249325.66083324
2150;1173;2602887.18087422,1218611.77960561,2603929.82834430,1219180.62866719
2174;1186;2612525.80982840,1239323.16903334,2613461.51645113,1239833.63271989
2163;1103;2613992.46902778,1229713.13502162,2614593.05357939,1230019.39704679
1992;1427;2613981.59527395,1248172.75415904,2614257.11222157,1248370.12498447
2265;1242;2627403.81045384,1243057.95641779,2627960.45382538,1243363.18867716
1950;1379;2632133.28693497,1241395.06482491,2632265.12343822,1241488.29689567
2093;1410;2641075.33849140,1249601.69219591,2641116.43478730,1249629.37770820
2151;1080;2613897.18886700,1251818.13017450,2614115.24299423,1251927.61341830
1971;1355;2624202.69203411,1239395.80621462,2626787.12487074,1241172.52183798
2260;1266;2603447.90141755,1257722.23640670,2604666.16836520,1258404.68151985
2192;1138;2626621.60494054,1237761.62495088,2627610.39163970,1238274.96403101
2227;1253;2614894.53288609,1240436.42011133,2615615.92966619,1240842.30702892
2489;1405;2603546.42426740,1228156.70372336,2603674.76863361,1228229.15202972
2077;1222;2600517.82048786,1249573.18012253,2600870.02246989,1249780.39765842
1950;1433;2625332.88038021,1242963.55338105,2625396.79763708,1243010.52437033
2484;1238;2633970.48640121,1243908.37273143,2634076.68672907,1243961.30188034
2351;1414;2617170.98286822,1256468.86765758,2617445.28584925,1256633.84614128
2412;1127;2613162.34547002,1237981.25732391,2613469.79208147,1238124.91086085
2554;1437;2594545.08620082,1228560.50156250,2594598.94730487,1228590.80634188
1950;1300;2608181.04173522,1231715.69377694,2609495.78599462,1232592.18994987
2111;1383;2603115.15055335,1226752.41159458,2605549.80918811,1228347.45322976
2013;1406;2602047.63481876,1234221.84345400,2602202.07561395,1234329.71417334
2416;1195;2611165.12170633,1248581.82288897,2613650.11113880,1249810.94638723
2409;1095;2604443.54175117,1236586.17991290,2604684.65368129,1236695.77624477
2148;1299;2612515.79206815,1224877.05997715,2613102.74632368,1225232.01974342
2322;1200;2615942.26060883,1223041.49512436,2616117.91885520,1223132.27457984
2406;1272;2611302.00518739,1222444.63275491,2611337.95535165,1222463.63882679
2425;1110;2612790.95086070,1238275.60668436,2615917.48020987,1239706.71908749
2249;1385;2609183.54352336,1232172.97456384,2609628.45825919,1232446.96607523
1946;1262;2601025.58801962,1257412.10206460,2601214.83126065,1257534.82815411
2046;1096;2607787.50954767,1224216.31720054,2607994.44105068,1224327.16613861
2230;1410;2595015.14772006,1226558.82597496,2595236.14311965,1226698.55849219
2354;1342;2638711.04645016,1241352.48017148,2638807.84930593,1241407.66684626
2014;1396;2610314.32897852,1229409.45637438,2610370.16767715,1229448.16085466
2485;1401;2620671.35710124,1236542.47893999,2623822.24982467,1238318.89773497
2258;1120;2597536.22802354,1229305.65160657,2597675.14531810,1229374.55655338
2434;1106;2612601.40103541,1228224.94178989,2612704.63285278,1228271.84992054
2486;1103;2606130.51626439,1233907.11592460,2606172.77102530,1233925.86371273
2541;1314;2603882.09902300,1232338.17656100,2603937.91352461,1232367.03931390
2334;1117;2624932.38016990,1236777.77213762,2627393.41667964,1237955.56895912
2492;1211;2618445.06017280,1244372.22621172,2619642.88654907,1244954.31599569
2264;1080;2604513.85448653,1236640.59224816,2604577.10751994,1236670.76595667
2487;1410;2612084.60682432,1223603.66460512,2612720.02734710,1223963.91508245
2520;1179;2611159.55005189,1230285.70259963,2611201.80053066,1230305.46978791
2283;1115;2608105.38430098,1238800.14248320,2608401.56960336,1238944.79715344
2171;1235;2615051.24434240,1239104.65110921,2615202.19006414,1239190.51843595
2279;1365;2617741.49201820,1252391.00030088,2618229.84033206,1252683.49501279
2308;1173;2622988.00722856,1235927.61858936,2623014.54320441,1235941.10502769
2383;1183;2599859.26134541,1226064.00015854,2599933.62932720,1226100.91888387
2466;1206;2599327.80319850,1232835.41200614,2599406.06771156,1232873.68735194
1993;1426;2610973.30287189,1246821.45036086,2611880.07103166,1247470.24684647
1938;1415;2594967.73924078,1227208.47987456,2595121.81541787,1227320.97615453
1963;1342;2611025.26171139,1246582.71701270,2611054.79456960,1246602.90707674
2298;1341;2613995.54434346,1229890.97800511,2614844.61535702,1230386.45417099
2071;1240;2630532.10587194,1241405.60984608,2630561.17717121,1241423.01612860
2381;1271;2604591.93721889,1236472.49864876,2604937.49978156,1236656.96316667
1935;1084;2610845.57535512,1252883.47028289,2611100.78211094,1253026.43882207
2381;1243;2626189.50789914,1242617.76119141,2626610.38014935,1242837.47736403
2076;1146;2611136.40369935,1234273.20447223,2611166.30612297,1234289.71130146
2536;1091;2618560.44860167,1256591.02557091,2618667.26372107,1256636.97797441
2229;1241;2621717.95163050,1236257.00032621,2621747.24570091,1236273.30985577
2489;1080;2607517.92006798,1235265.59826814,2607558.40555741,1235283.16529449
1972;1276;2623013.71021152,1238132.76829761,2623036.78890262,1238147.70156832
2189;1279;2609839.65913532,1225979.33379293,2610688.31956123,1226475.19340222
2243;1259;2615718.79803223,1243796.78033203,2616960.96420094,1244494.01047309
2061;1095;2604893.08550808,1229794.31712228,2606560.71127201,1230680.31916571
2338;1142;2602167.15112230,1230307.34902189,2608792.69742575,1233543.60816584
2333;1231;2603180.39263807,1256597.84019970,2603294.61186615,1256658.10761065
2317;1225;2607584.59991377,1247744.38732437,2613365.42631064,1250800.71547982
2397;1117;2605175.24291404,1229040.29971831,2605509.30880061,1229195.97414271
2490;1272;2601068.18589745,1228390.93285528,2602797.77121428,1229274.48005327
2227;1123;2610210.07228778,1248001.83368803,2610237.60335686,1248015.71666539
2172;1413;2639813.29612759,1251242.93446009,2639891.13399939,1251293.57208111
1930;1110;2607725.48376112,1227955.72528766,2612254.26993739,1230560.36396935
2023;1187;2596467.25994462,1217999.82477710,2597222.78479107,1218443.13075472
2415;1091;2602010.68529236,1219336.54513062,2602097.34115311,1219375.69276792
2257;1332;2638391.20004374,1248977.70923046,2638596.05195583,1249098.60544088
2157;1359;2600877.66732223,1256246.89923227,2601216.25642917,1256460.22449714
2366;1128;2616182.71842731,1238409.05154801,2616216.85487470,1238425.32623636
2036;1164;2610907.56016965,1245632.25591672,2611029.57301038,1245702.01178441
2249;1251;2611504.37605754,1223798.19930397,2614138.54987532,1225263.45116971
2395;1336;2614493.19486208,1241827.82122348,2614672.36395970,1241927.76690800
2225;1424;2604715.32879031,1230937.57825493,2604873.72590409,1231038.95240775
2485;1417;2633214.28819118,1248900.44178694,2634506.95813358,1249637.54975812
2332;1416;2634138.78348725,1244164.82431298,2634447.64652479,1244352.36722085
2475;1357;2611637.70550792,1248232.13888352,2611686.16018632,1248258.70575163
2084;1164;2603467.32179576,1232464.14266027,2603525.78125082,1232496.79467835
2058;1093;2597266.28869742,1228124.60395363,2597718.78086793,1228364.92170988
1988;1082;2621510.32485879,1241773.75716929,2621597.59520404,1241821.25541555
2493;1271;2612700.82374301,1239007.59337587,2612751.19635389,1239033.27471901
2101;1173;2618132.26068413,1241380.56383808,2618708.11817288,1241702.06828087
2240;1307;2606328.53476461,1260011.49377848,2606363.75390449,1260032.04351769
2178;1159;2596779.26962999,1227326.41521616,2596852.68424948,1227365.48204077
2300;1316;2615649.44154495,1238439.61493144,2615688.53186673,1238461.98139382
2525;1337;2602479.63484818,1231220.78224413,2602531.28093843,1231248.12910459
2451;1346;2617040.96467769,1255208.57667416,2617081.38018893,1255230.77140208
2219;1316;2595057.05818601,1218678.15133604,2595172.10082353,1218746.37851539
2518;1156;2612954.38722976,1229034.68836236,2614754.46824088,1229861.09568915
2013;1251;2628397.53212531,1238252.79809523,2628761.41775376,1238478.93864227
2030;1280;2632338.39202341,1247122.50383129,2632564.52333121,1247265.08908941
2276;1124;2592668.86291328,1229240.31995707,2592792.34268622,1229301.30030188
2141;1184;2610796.49358946,1229242.00915028,2611205.58724699,1229468.24310195
2090;1302;2604684.96523228,1227511.28915602,2610414.20717831,1231080.41499991
2413;1200;2640031.83233908,1255980.79913058,2640163.99018805,1256046.52205589
2236;1257;2629657.44939768,1241050.84897421,2629697.33168047,1241073.26938095
2008;1218;2609050.60083250,1236997.24428740,2609172.05811914,1237070.91708378
2414;1402;2615863.63535218,1239139.03628072,2617243.84964817,1239940.63547002
2164;1296;2619126.31278319,1246085.58725496,2619556.69053879,1246343.33659473
2499;1341;2608931.86885378,1239581.95963124,2609020.92673744,1239629.74939595
1936;1092;2621762.73157684,1236891.13588184,2621851.24211976,1236941.06021700
2190;1169;2620060.44404724,1239771.16053323,2626090.02530184,1242989.69043580
2460;1240;2608684.03738332,1236278.87767651,2608712.62994576,1236293.29018766
2350;1440;2639842.68186900,1256315.75449055,2640292.59943551,1256591.44865896
2234;1345;2612193.77800067,1250260.54081565,2613305.30425849,1250929.74529943
2000;1320;2610604.19761068,1238734.91933368,2612654.82386468,1240088.33266132
2166;1118;2611670.68200827,1227530.77757864,2611699.66216925,1227545.73594428
2234;1158;2605092.32097443,1230757.85934572,2605334.84320530,1230883.57140630
1968;1210;2636083.48187889,1243017.34485426,2636553.14977600,1243306.11424222
2516;1203;2600659.35435382,1234234.05008376,2600947.57769601,1234371.86116510
2203;1183;2605805.88737572,1233961.28488780,2606404.56972119,1234282.77431798
2557;1160;2608374.24630171,1229821.70849874,2608484.35979075,1229871.66221297
1992;1440;2625984.24240425,1238712.40520068,2626141.93294702,1238826.39836413
2205;1401;2636417.41579288,1245084.10422236,2638660.86170762,1246509.53176275
2272;1106;2610808.37163564,1250254.72784427,2611196.63030935,1250443.73052611
2456;1336;2617236.50865343,1245076.90493648,2617341.50259834,1245134.01890651
2481;1401;2613543.07960143,1243575.23142736,2615200.79751018,1244511.33089941
1975;1152;2596546.35454361,1227597.13910582,2596568.51153488,1227610.06308249
2349;1359;2597260.19093302,1227205.16084107,2600188.77752460,1228899.47722164
2058;1184;2602823.17487033,1230212.79060585,2603349.44164015,1230515.56021492
2557;1264;2624722.05020907,1238013.22958367,2627600.60285502,1239436.18247553
2516;1102;2644185.76624287,1248246.48264163,2644304.00623946,1248298.27138417
2553;1191;2608648.05824407,1248985.11810781,2608690.17721345,1249004.76702772
1958;1229;2598669.18029851,1231652.96358680,2600152.03817883,1232583.72575989
2455;1133;2631977.48408013,1241870.87284016,2633545.53649170,1242594.54020567
2513;1376;2603249.66198470,1229886.84661539,2604171.77445239,1230391.75181059
1978;1262;2604533.83581284,1257854.41836918,2604597.02962024,1257894.73716844
2134;1280;2601644.36471171,1247989.67284238,2601680.12168847,1248011.12032610
2111;1082;2626508.65512091,1239108.99986439,2627106.85227906,1239415.60778723
2030;1290;2613916.63821703,1241334.72758274,2614025.13981021,1241403.67687102
2407;1341;2597459.25997201,1227204.08864210,2597896.66504536,1227447.77796630
1998;1229;2614875.07470449,1248609.11774991,2614898.99189924,1248623.82957791
2382;1236;2612467.80767280,1246618.79045375,2613072.91950543,1246932.77795381
2330;1141;2605880.44817164,1226444.00356656,2607218.62713587,1227099.30923101
2177;1430;2620221.41989115,1245290.39638241,2620296.04984599,1245339.41835550
2045;1393;2597774.60764541,1227039.51496113,2599565.81868621,1228259.64062364
2396;1343;2607836.94345135,1248962.58260174,2609230.38515887,1249743.63110475
2361;1243;2601008.23935310,1258428.17604756,2601153.32862313,1258504.56146164
2048;1340;2595809.85643888,1218833.03065390,2596162.53865236,1219063.78952405
2533;1340;2612227.77225499,1223543.86424685,2613074.06113148,1223991.56542904
2121;1400;2635151.33032446,1246567.33469423,2636203.86077682,1247262.07426674
2018;1275;2617611.84322964,1244467.90019711,2617706.72581172,1244527.84831016
2420;1173;2604592.01159682,1234089.14246399,2607208.88453115,1235357.56889042
2058;1293;2609960.30858277,1229064.66996114,2609989.09398572,1229082.75525075
2421;1105;2621195.14465398,1237711.26748458,2621431.26567796,1237819.03854261
2134;1253;2598289.85371069,1228630.54144637,2598317.35817026,1228646.69097207
2226;1366;2615537.80390201,1237444.26753035,2615562.69900852,1237459.54458133
2543;1302;2603363.15344375,1233796.88472903,2603794.89259094,1234017.93245598
2358;1217;2625852.12598014,1236854.93912086,2625881.47799453,1236870.08814610
2357;1091;2599493.40309337,1259573.62196899,2600238.24108350,1259918.38999921
2508;1203;2629899.84218071,1244551.39360403,2630906.68219975,1245034.33959403
2061;1310;2626380.96018094,1238010.68785972,2630167.23643679,1240417.29722177
2128;1396;2637563.11015400,1249142.58049271,2638055.94902586,1249465.89020376
2005;1373;2637913.56681944,1245379.15571375,2638046.23355428,1245470.00430573
2049;1408;2601543.83564575,1217561.64870582,2601671.04859202,1217649.06492268
2532;1347;2628082.21413464,1237969.54672103,2628120.03301588,1237989.66600737
2098;1124;2600615.40473220,1233698.43634337,2600916.17510207,1233859.57356726
2558;1155;2640714.98739442,1246574.95990508,2641212.44386692,1246799.57375407
1959;1405;2607650.05441385,1246545.42195386,2607739.84208740,1246609.81791167
2334;1334;2613025.58821533,1247252.50255332,2613111.37591279,1247301.53459633
2130;1140;2605238.77527943,1236280.05949932,2605287.27810435,1236306.01875773
2261;1386;2608560.19229783,1244760.27127346,2608774.23485454,1244891.48002340
2439;1277;2608986.36774696,1234453.41391507,2609475.67976853,1234709.60557212
2396;1423;2610023.01701802,1244966.45644848,2610106.44857043,1245016.00699067
1926;1103;2611589.86566042,1228853.11040610,2611641.18037660,1228882.49780586
1981;1164;2614087.56537449,1255933.91953917,2614149.80086773,1255970.48799658
2469;1395;2596574.35601235,1224164.34069331,2596631.16420330,1224196.43766633
1943;1242;2628090.52431310,1236016.03491352,2628124.35265205,1236037.65858669
2299;1423;2602729.31837629,1234430.49971306,2603020.32511081,1234610.62262877
1928;1292;2636506.76494626,1245876.77489555,2636536.00334323,1245896.36826115
2162;1346;2605125.14142803,1230247.87102603,2605243.76194714,1230321.72080342
1925;1296;2635159.27721371,1243680.23663201,2635188.05213643,1243699.60925531
2081;1141;2630116.86709308,1239121.71683539,2630181.33761177,1239157.06563973
2097;1097;2638675.75202075,1243941.35550715,2640207.59726436,1244742.70707236
2437;1377;2634795.48256856,1246830.00596931,2635984.33091625,1247501.75162987
2338;1203;2598052.84549580,1216613.99582037,2598931.83496046,1217066.27311976
2324;1171;2640667.38562154,1242979.23493723,2640701.88523395,1242996.61834778
2199;1250;2611840.62062580,1251230.49538835,2611898.31311063,1251263.29011596
2522;1311;2613323.75855662,1240189.88971679,2614397.06943112,1240747.82411666
2413;1098;2613750.41191029,1246470.54293858,2613922.14544612,1246548.68774684
2328;1300;2609009.50853060,1229298.20495547,2612420.30043369,1231202.85679139
2030;1326;2604123.53034992,1227888.04370544,2606384.95745552,1229365.21234683
2189;1172;2610718.61952550,1227602.07279296,2610974.58905042,1227739.11997578
2421;1087;2597391.32761211,1253058.85110442,2597481.15384747,1253099.18200811
2281;1346;2610967.37266408,1227116.59896175,2610992.78899902,1227131.59693931
2159;1316;2605201.13376496,1257445.05943546,2605229.99796559,1257462.65336230
2151;1439;2603369.12740622,1233988.80464986,2603585.96808642,1234133.86914954
2278;1268;2638650.27652710,1245142.68652387,2638678.55074528,1245158.42476297
2497;1396;2619276.39044132,1241254.18402457,2619427.52005828,1241338.67619328
2075;1435;2605463.41812497,1228376.64084424,2606564.87664341,1229138.37239796
2528;1187;2601181.65525012,1229213.62537347,2606327.01695561,1231629.58437047
2443;1123;2607223.50023840,1245950.77763863,2613009.24217313,1248610.37165938
2500;1290;2595820.15647376,1229602.33432387,2595845.73393100,1229615.53229181
2399;1156;2611512.24351555,1250647.02356793,2611569.62434908,1250674.67352356
2473;1185;2607962.90202829,1247290.02043440,2608048.91282821,1247331.23466728
2181;1242;2612726.10812923,1251499.61931331,2615911.14539658,1253313.38193874
2021;1096;2610330.05499831,1239319.99642338,2610369.62374852,1239341.45478569
2406;1122;2601898.69794622,1221617.35690505,2603231.44761661,1222238.86360920
2014;1205;2631233.46106155,1244203.26930237,2631365.27304854,1244282.13397184
2155;1164;2614385.18891770,1248257.51267059,2614566.01707629,1248355.18504952
1940;1224;2605115.42643842,1230439.66448681,2605153.37480600,1230463.60716821
2056;1082;2596317.64962636,1224780.94044476,2598565.20057970,1225963.74692897
2344;1143;2613514.13492940,1244052.59285711,2614616.45012325,1244590.11259541
2045;1157;2596994.06822713,1252844.52535329,2597601.67575626,1253188.29156904
2067;1220;2610604.08974575,1241641.05054020,2612737.91706184,1242900.49385206
2494;1350;2618576.91310405,1245230.85912564,2618641.02289585,1245265.56169939
2479;1135;2612654.75140002,1244255.36324647,2612729.63452873,1244289.64818035
2022;1160;2599255.16077969,1232244.77188180,2600255.23987293,1232818.50667317
1942;1144;2601112.85596778,1231673.26918120,2601968.90603990,1232177.55408464
2452;1136;2608811.34460485,1250102.62793331,2609716.22788846,1250521.85607776
2255;1149;2641384.66103364,1250351.32769358,2642565.87358033,1250953.19608211
1988;1434;2594222.17434378,1228634.69330009,2594242.60409303,1228649.42984960
2163;1177;2613100.65245305,1238730.00699958,2613556.22732972,1238977.90881643
2527;1244;2606801.54827939,1232127.61694682,2607778.01448009,1232608.31498943
2228;1424;2618191.00502454,1238874.42600941,2618816.93219400,1239274.47999922
2037;1399;2602946.03347082,1220713.30986969,2603308.82967682,1220962.47623797
2425;1278;2604256.42730577,1230746.26916829,2610292.47251835,1233927.32722259
2343;1270;2618087.75502551,1238649.67068011,2618177.06706924,1238698.08139097
2011;1220;2608745.65256377,1227111.90718539,2608789.05295008,1227138.23660920
2281;1230;2599382.56188684,1230915.24314698,2602461.97851897,1232575.77907750
2530;1211;2593613.75424058,1227912.49045633,2593946.47691906,1228071.75020481
2408;1375;2622128.14293270,1239691.41350194,2622386.59053435,1239838.99051700
2494;1440;2636645.82500236,1246201.82271513,2636718.93900412,1246244.03769610
2191;1097;2607582.78342723,1249546.99397715,2610313.79955285,1250914.37174520
2430;1126;2637916.42722628,1244513.85991271,2637960.60112773,1244534.32897157
2514;1183;2640701.58670119,1250034.33761343,2640789.88483972,1250075.88761259
2357;1139;2639810.02205092,1249394.37111850,2640129.05879729,1249548.54288520
2558;1201;2610680.17481959,1240304.91692506,2611339.11041204,1240614.29208008
1989;1391;2623475.17246873,1239713.55519853,2623536.33225715,1239756.32707670
2121;1125;2600144.82269163,1228996.89220008,2600199.97272468,1229026.14433925
2004;1282;2623094.11717194,1235934.44346394,2623146.29637059,1235967.82357007
2182;1391;2610528.75621154,1244099.56474484,2610940.83579783,1244362.26075975
2005;1140;2629701.09466780,1243632.04474249,2630394.11097455,1244026.07895181
2502;1414;2619663.41789417,1245431.85350418,2619876.09212142,1245552.04589320
2118;1142;2615121.10244920,1241394.29320699,2615143.31646061,1241406.27073344
2204;1252;2608037.57467855,1223799.75111813,2608443.43483470,1224030.30325764
2024;1365;2602453.67511640,1231281.34413021,2605407.10139323,1233273.15582382
2511;1352;2636977.76514357,1248670.66332835,2637107.66528775,1248740.60558042
2134;1137;2613782.76113568,1239839.60048128,2613863.31818312,1239882.52145735
2279;1303;2619173.21066925,1240879.29864438,2620926.92594104,1241881.97130745
2136;1352;2601447.97495011,1248938.24791776,2601947.36586129,1249254.34179038
2007;1222;2599222.53725287,1253562.81152207,2599249.15020960,1253579.01532532
2107;1384;2611997.62909799,1242037.99592338,2612568.90248229,1242413.24146865
2488;1133;2627112.40614416,1239648.38386456,2627156.05393569,1239668.26045130
2207;1196;2630001.92608476,1236067.17720725,2630165.95982179,1236156.06907380
2324;1148;2640647.17285955,1246397.16595431,2640830.19024995,1246487.57213511
2013;1126;2600965.59349685,1231136.79502428,2600988.87391198,1231149.81725351
2376;1148;2618086.94790179,1252226.54812430,2618111.00735504,1252238.17280963
1926;1268;2612937.49203045,1237567.99881566,2613153.18724484,1237710.00376470
2210;1177;2628457.93857400,1241628.19495209,2633265.32137313,1244188.50696773
2393;1383;2607927.94472137,1247272.41489174,2608405.29800426,1247548.29436949
1960;1371;2615364.76983511,1223845.28603083,2615541.50494367,1223968.91043585
2385;1359;2600777.49843066,1229486.93386999,2601693.07035089,1230008.63711511
2132;1295;2612149.61312565,1229537.16666871,2612304.04408528,1229630.96971408
2174;1094;2597208.25162662,1252940.54350828,2597364.82829760,1253019.33600049
2368;1179;2607966.40111243,1250054.07562464,2609458.58338058,1250797.01603602
2378;1209;2615070.08643103,1252180.13581966,2616708.56974952,1253013.15782641
2010;1313;2598641.44488254,1252315.55917171,2598704.10476044,1252356.49072379
2501;1287;2629159.60059435,1239325.62171805,2629245.32404044,1239369.73450299
2357;1335;2616740.47102336,1257498.38241903,2616842.41466351,1257556.12308920
2198;1174;2608196.69311822,1230649.58239848,2608225.78270613,1230665.11978528
2372;1291;2607702.35039204,1233803.86297331,2607726.28538474,1233816.88998663
2336;1186;2619644.19917840,1240741.64478241,2619783.31903825,1240812.27669755
2268;1175;2606466.44831743,1257290.24673018,2606492.85259486,1257303.92619490
2469;1108;2596519.09850084,1226270.76359628,2600280.41937308,1227958.71156162
1951;1343;2598699.07827633,1230238.38252084,2600287.53046699,1231331.81731943
2174;1353;2612176.39698043,1231354.13372957,2612210.26339721,1231375.21066697
2086;1378;2620480.74544623,1240115.25838423,2621200.40149225,1240590.65916632
2398;1437;2638576.65893931,1248612.43393321,2638750.55431526,1248716.64062848
2155;1227;2608392.97693153,1245441.27335387,2608514.71960879,1245510.59041419
2015;1325;2608215.94344166,1232177.90309111,2611112.20381946,1234082.39192515
2554;1367;2611300.32313176,1247816.83615851,2612477.19541817,1248446.74391714
2245;1083;2618810.82648958,1244851.95313316,2618846.87266659,1244869.34200163
2390;1211;2620403.48798254,1239473.84372311,2621407.73692831,1239982.69120149
1961;1167;2605031.02670487,1247237.92780822,2605616.14035920,1247586.13159945
1968;1223;2611124.23658393,1238492.06093931,2611358.37916632,1238637.56722907
1951;1323;2596007.18060043,1230646.19147238,2596031.76141264,1230662.86006006
1951;1370;2610400.91884787,1239013.62781675,2610492.56872194,1239077.98472474
2462;1270;2637608.50990445,1247863.76420346,2637677.71011589,1247899.46049450
2560;1244;2639300.51414093,1246066.21849108,2640851.81757596,1246820.05500404
2262;1139;2611207.94523160,1237920.04734255,2611366.99732457,1238000.13590749
2193;1348;2621046.01835428,1238196.20152394,2628002.09158570,1242471.98206016
1989;1096;2639323.36433941,1254626.06781562,2639930.16315643,1254960.43257351
2137;1144;2611375.46722073,1248221.27373532,2612344.54583880,1248740.05049670
2253;1382;2615627.51481443,1251938.42693824,2615687.99489887,1251975.52568511
2518;1229;2633439.12418579,1246523.06898204,2633927.31666229,1246761.34878887
2160;1318;2605668.58540837,1234166.11941023,2608987.44623378,1236191.23911759
2065;1090;2613504.14720756,1225537.72673592,2613526.72245145,1225549.64296635
2098;1182;2615777.73576075,1251386.51451823,2616073.87795755,1251553.35916867
2288;1392;2620438.46631862,1244295.82830245,2620713.28454109,1244463.02540284
2272;1125;2608423.20535517,1245286.72103665,2609745.59570390,1245941.51379295
2139;1273;2601278.54971982,1230469.60384164,2603740.75895223,1231934.95791030
2393;1157;2640708.32084528,1247559.85751631,2640734.41728658,1247572.47497664
2556;1440;2610033.22684174,1230431.24894841,2611315.50710455,1231153.66036408
2417;1120;2609468.68979611,1246315.06198866,2609640.91798689,1246394.86983875
2069;1348;2600797.37474705,1258329.08215349,2600979.89121404,1258447.99573372
2366;1225;2605893.41027878,1229497.07130276,2605944.29000414,1229523.41435583
2508;1188;2620067.61094132,1241156.66633706,2621781.36811801,1241968.44605233
2079;1354;2630893.44823526,1244456.66045348,2631833.58809888,1245068.94971531
2031;1251;2627067.93354183,1243688.59180977,2628655.22678760,1244666.28942201
2411;1339;2606015.86857191,1233910.61437488,2609404.43508076,1235792.52667490
2331;1199;2600597.00729699,1217367.60724774,2600727.62968592,1217434.79568374
2218;1280;2604758.81122804,1224528.40700892,2607888.53560371,1226334.55993988
2134;1382;2612135.18079210,1243620.08040517,2612499.22806137,1243855.84110158
2259;1391;2608367.69054543,1248606.81187817,2608398.15666645,1248625.57167204
2051;1187;2628114.95927482,1239714.60653626,2629629.26756368,1240591.00046063
2453;1228;2597471.60743261,1223927.50872718,2597909.62295047,1224146.78433090
2330;1349;2609917.82658102,1225151.71861363,2609948.28371568,1225169.35237957
2317;1358;2597409.31435415,1231026.94668178,2598377.90699195,1231594.64146043
2117;1357;2610133.37193940,1238544.71452217,2610267.61900488,1238630.76708139
2422;1231;2602496.57339512,1220905.58289635,2605014.28732883,1222185.23023425
2338;1348;2615995.01990874,1256489.38690294,2616376.57922835,1256709.37918816
2193;1294;2616731.43195541,1238246.36396653,2616754.37590293,1238259.90225568
2325;1273;2626063.54204645,1237034.31553071,2626406.39859206,1237222.03870600
2549;1112;2601822.09505875,1229171.00116481,2602072.93691552,1229280.43080181
1935;1297;2619238.55504312,1240035.77212993,2619413.40142781,1240152.96890561
2351;1379;2631206.19086785,1247096.45619747,2631270.39193377,1247134.11390478
2127;1436;2605700.47219039,1229371.63983282,2605775.53697799,1229422.31826958
2247;1145;2612525.48375012,1231865.44599095,2612560.97987126,1231883.53368953
2450;1216;2606121.67086435,1237603.98971185,2606260.41851388,1237672.85385138
2147;1230;2609672.83172577,1227391.45811284,2610623.77229418,1227936.24474495
2293;1321;2595603.86616336,1217641.28719320,2595742.16196975,1217720.95957010
2013;1374;2611821.75878566,1250032.27507874,2612098.52924220,1250221.18844550
1978;1149;2598334.91078836,1227305.06167081,2601237.14652208,1228990.94076992
2445;1385;2599994.39493422,1252312.90066158,2600638.75801735,1252677.90797043
2144;1194;2635502.46304999,1245933.55342767,2635753.25912484,1246073.22251040
2397;1208;2600886.37246083,1214241.41843275,2600950.21931607,1214273.59490381
2505;1423;2603616.62074496,1230681.60749397,2604633.55749655,1231259.29252292
2362;1423;2615756.44996380,1241733.17808906,2615791.46727143,1241754.27446025
2031;1224;2603952.18351808,1246714.32607060,2604042.70662437,1246768.88061619
2462;1347;2631376.36278293,1241367.75188136,2631494.23944666,1241432.24410965
2371;1154;2609936.52798785,1247134.10320687,2610755.46089268,1247532.68969872
2249;1307;2600380.15477380,1220808.22776263,2600417.48886925,1220829.92436679
2541;1385;2613503.25681462,1227325.03266594,2614969.03018534,1228123.96856458
2111;1212;2603050.54607708,1257541.67102634,2603535.43115153,1257820.06075170
1933;1225;2611215.62804497,1252749.99861457,2611262.64119509,1252779.79225600
2029;1233;2604935.17521078,1236706.84136183,2605337.04975722,1236951.05590878
2494;1391;2602486.44115725,1248723.33353416,2602592.43680030,1248782.45139282
2297;1094;2601613.02642497,1256851.44427166,2601707.60097507,1256896.48761419
2044;1314;2626083.30380718,1239670.14933694,2626184.55713711,1239735.24076332
2536;1408;2619728.50576417,1243099.69543298,2620246.17463145,1243387.10780094
2201;1111;2639367.92357221,1252807.27738357,2639432.79353789,1252840.02183240
2484;1178;2632289.44378273,1247219.29255360,2632469.96428510,1247304.90171293
1964;1353;2612993.27348878,1225223.83474210,2613070.64474152,1225277.13581387
1933;1294;2603961.56263158,1247009.28817425,2605279.17636944,1247891.33275613
2058;1384;2639222.19857792,1254789.90175749,2640485.88045942,1255639.72475263
2116;1232;2608462.54679189,1236650.37053652,2610058.39036378,1237579.51953489
1946;1395;2610682.03504378,1234727.63269878,2610719.35388101,1234754.38489711
2261;1215;2611767.66653835,1248003.41009115,2612127.41722071,1248196.73033842
2547;1382;2606572.50207668,1259635.85835881,2606603.35282745,1259652.59794953
2259;1110;2633330.21692217,1248744.92434096,2633357.59941264,1248758.37921676
2081;1258;2605526.24822161,1233701.61169316,2606265.55980500,1234148.53815731
2209;1111;2604669.57824849,1225889.28267611,2605088.02219007,1226099.73592151
2290;1395;2641906.56364176,1248104.94673319,2642251.81923027,1248315.26618558
2422;1335;2639807.27628722,1246959.84828647,2641715.90634027,1248011.88012826
2305;1134;2639356.39722114,1255180.78457782,2639600.86793396,1255301.05780487
2300;1372;2634838.31967428,1249257.62174851,2635595.34471298,1249709.20364116
2191;1240;2617453.67840236,1246303.93569723,2617504.64412730,1246332.77983183
1939;1424;2613673.67282279,1252810.91970203,2617023.81849964,1255271.26392267
2379;1353;2598168.76582301,1252904.40840659,2598406.86387952,1253039.82104655
2027;1331;2613327.15598431,1250973.40033620,2613444.63936506,1251050.54408547
2056;1400;2617882.86858153,1258549.92107165,2618007.95026830,1258635.09342645
2463;1387;2642344.22947057,1247486.89787795,2642866.78521180,1247781.16698598
2488;1379;2612553.22252361,1224687.16869099,2613791.28520021,1225373.37786745
2228;1421;2606962.15300520,1228888.01069844,2607802.44120820,1229423.93957477
2508;1407;2635990.68124119,1246454.64083399,2636035.92367909,1246480.02205813
2534;1173;2603291.64778078,1231976.63243199,2603551.18491522,1232096.77333913
2417;1146;2611059.11920846,1240533.85215568,2611100.04180285,1240553.25525587
2128;1288;2627991.05978228,1240887.41876117,2628101.28684902,1240954.13514367
1982;1320;2620762.86241600,1238810.29185165,2620926.75654230,1238919.44434747
2076;1409;2608172.23330258,1227528.01817080,2609758.94807039,1228604.93585280
2406;1333;2606192.95718148,1228255.71620191,2606252.56340942,1228288.73993501
2369;1168;2609283.63975432,1244883.39095347,2609409.92040199,1244945.65173713
2451;1433;2624644.46344718,1238501.79288111,2627317.69400724,1240064.72204985
2354;1261;2628010.21908520,1241165.98353927,2628189.14017279,1241261.82869281
2499;1430;2609573.45936446,1233735.07265830,2609625.45049228,1233764.82348375
2203;1247;2615796.75128118,1223297.79259670,2615891.96716416,1223351.68919501
2125;1168;2626907.64787892,1242717.10005373,2628230.98456170,1243444.46816925
1941;1338;2607415.20755633,1249060.59564783,2610285.80530627,1251039.40027916
2423;1286;2641860.25786203,1246317.12397287,2642122.60900591,1246456.36605749
2034;1295;2640372.35081145,1245584.70807745,2640671.60475934,1245775.23603345
2456;1407;2599638.26824222,1217269.00055882,2599730.96206941,1217322.10325216
1975;1384;2641452.44125228,1248241.07514761,2641521.72048099,1248289.62322484
2104;1208;2611621.84237690,1223319.15086384,2611667.76998386,1223345.51994617
2187;1255;2609223.49072336,1235895.59617851,2609265.78927014,1235919.86900714
2169;1246;2629184.14807961,1243381.31479025,2630387.23152085,1244072.43602943
2385;1165;2598192.70489153,1251162.38032360,2598227.65315835,1251179.45148957
2259;1117;2605553.93233829,1227514.01244902,2606851.57637066,1228155.65405334
2022;1354;2613543.54872625,1241211.82749693,2615172.85881106,1242302.86896816
2334;1177;2603200.20279719,1230124.66362066,2608052.97918446,1232571.84348690
2146;1213;2630540.20633324,1246176.15520094,2630567.63987051,1246191.66166913
2418;1355;2601430.71244542,1221966.80147294,2601547.12212974,1222032.03518768
2010;1189;2615728.59898438,1239697.98812595,2615913.96678950,1239807.64102161
2359;1374;2608993.17546105,1248905.47793832,2609317.38888555,1249094.31610927
1981;1387;2624134.12093230,1239486.17664001,2626167.88476632,1240910.11931431
2481;1293;2614600.97579161,1240990.68971025,2614691.59864826,1241037.91879274
2072;1166;2597977.29725133,1226830.99240964,2598283.27717681,1227003.17995458
2533;1395;2603691.57730373,1234683.76714583,2603744.73866760,1234713.04472285
2138;1321;2613134.65473133,1239262.81809770,2614756.78936306,1240265.08182478
2429;1265;2624818.01028140,1239991.58199994,2627844.41773032,1241567.70609334
2305;1080;2593804.48528032,1227318.80361194,2595771.70253483,1228240.53664225
2433;1236;2607798.04976860,1230228.01126410,2609559.65924076,1231122.93494169
2103;1347;2629284.93478897,1240655.57895122,2629323.11282938,1240680.03250350
2526;1142;2611683.11315269,1251613.56607624,2611770.54507352,1251653.09388843
2457;1391;2611497.23474315,1238501.93647791,2611664.58577968,1238596.68018642
2047;1159;2611521.00785057,1225505.26664030,2612875.37570569,1226272.10217722
2531;1114;2614784.03771917,1246968.32484779,2614997.24888796,1247062.16808842
2272;1365;2603646.06608973,1229849.68088710,2605107.90761648,1230727.94395224
2320;1330;2617465.55722311,1240896.93883463,2619015.22936338,1241785.32846677
2444;1400;2609107.62753747,1248869.43429829,2609743.88112573,1249233.90034722
1943;1414;2602472.73125903,1249010.80546707,2602492.99227020,1249025.55022764
2419;1411;2617183.48498214,1258050.08015220,2617423.60119061,1258190.13966859
2217;1384;2601259.04692470,1259267.83351926,2601577.43773248,1259466.59440242
2143;1404;2610412.84425435,1228317.72952121,2613034.43678733,1230035.28244529
2404;1274;2609783.56836605,1250042.39282394,2609824.51226093,1250064.09104444
2525;1354;2624552.35482721,1242248.83418771,2624825.12951456,1242395.10623788
2150;1334;2606406.29826432,1232659.80346223,2607803.21708290,1233526.54285944
2116;1227;2611251.54733072,1243308.78447874,2611899.58066549,1243684.55806181
2422;1297;2642898.93054638,1248136.19605693,2643101.75321104,1248244.80918495
2197;1126;2634541.10586426,1248062.26751262,2637008.99442435,1249327.10252339
2447;1087;2617900.16072754,1242672.10476588,2618064.50719484,1242745.11032777
2142;1379;2597978.60102562,1227277.59666695,2598044.57954893,1227320.07303654
2082;1109;2621696.85270621,1239266.92027537,2621758.33726373,1239299.67069530
2182;1403;2640226.24625122,1256199.81313769,2640303.26132661,1256249.33291348
2557;1343;2640328.32818822,1245584.50487402,2641334.24085295,1246112.83522551
2429;1337;2604112.00648615,1230522.37071449,2604333.77255689,1230644.43791769
2019;1312;2605607.02998863,1258389.31516148,2605854.44934821,1258550.09485428
2478;1109;2605758.03186951,1234319.93432259,2605788.56618348,1234333.59959869
2256;1370;2604262.71755168,1231573.84208891,2606224.90221901,1232765.41699770
2255;1132;2600339.98065677,1252293.38148359,2600728.61063713,1252488.47201032
2472;1433;2603358.12392435,1231258.34552279,2604294.28738925,1231801.03251519
2311;1159;2605417.99960073,1224504.18571254,2606436.39653954,1225014.92653992
2031;1327;2621945.02322709,1238386.18391707,2622105.38382290,1238490.95915618
2067;1305;2602918.84239021,1228896.70944473,2604023.63821084,1229594.22204556
1962;1382;2617084.67260803,1260603.49385427,2617107.98595111,1260619.91538338
2550;1313;2605607.29039888,1229037.85899218,2605718.31624179,1229095.02641639
2358;1334;2601190.68109352,1259004.27834539,2601222.99091180,1259022.55709755
2093;1288;2618510.51717173,1239298.02904127,2618620.12205170,1239365.47819818
2550;1361;2625507.49507868,1236848.08059367,2626912.94214225,1237598.20351662
2450;1355;2617731.06490566,1245357.02795120,2618121.18323657,1245572.78727299
2464;1430;2598333.71718729,1217268.41563362,2599049.32504618,1217683.72376602
2276;1358;2612289.61639440,1245308.63477047,2613095.17197856,1245789.27821655
2120;1346;2610257.27813102,1249035.46640283,2610917.87105965,1249454.88059243
1956;1177;2607804.52247329,1247111.93256010,2607833.73451004,1247129.51055972
2324;1196;2628407.09840678,1236198.09502278,2628885.48410948,1236444.28663226
2488;1340;2616048.27591599,1241081.97172486,2616092.67437569,1241105.88407855
1962;1233;2640355.52363608,1250687.35311024,2640591.87357972,1250835.88495555
2425;1420;2615740.60164648,1227747.99319119,2615922.51909844,1227854.51804966
1985;1286;2600490.03053245,1215524.24883326,2601104.05242567,1215922.04840741
2329;1364;2610890.02075112,1229190.88892387,2611845.55368776,1229750.50546555
2506;1252;2614233.98770427,1223612.96724418,2614829.05037818,1223910.26112595
2007;1376;2634377.13786529,1244717.93969267,2634464.52227397,1244777.85047810
2520;1270;2642609.03528129,1245096.70240130,2642929.57887784,1245258.24619798
2344;1152;2609976.41736181,1224104.68656206,2610071.55646292,1224151.44434555
2068;1200;2611060.19864737,1236971.61295955,2613555.48357077,1238419.55392090
2184;1092;2596256.83930296,1228720.83331596,2596542.43606716,1228863.63169806
2058;1129;2616856.35319940,1224884.42451014,2617044.48437458,1224987.63155425
2161;1250;2641249.58012775,1249759.44679108,2641284.79999170,1249779.81922510
2415;1292;2620212.21009352,1239646.93717449,2621016.98742865,1240077.48471776
2225;1419;2628931.09542528,1245128.17696496,2629012.76162589,1245180.25981380
2107;1099;2637054.63137218,1247570.57205470,2637311.25031961,1247704.42313359
2511;1171;2603076.74707406,1257804.85491978,2603110.97802622,1257820.81845821
2166;1318;2605396.42728006,1258113.83823692,2605481.21816709,1258165.43306107
1966;1273;2628915.88565697,1238092.47484314,2631127.33529273,1239524.40535500
2343;1212;2620421.13668757,1243632.46235848,2620564.43310689,1243706.58752289
2367;1285;2609457.62512872,1245134.69578334,2609504.68585210,1245160.24416929
2280;1154;2630982.57194528,1243192.15370881,2632159.68943315,1243787.94036714
2308;1389;2625074.72057869,1235890.40925374,2625392.94604944,1236081.92362933
2461;1221;2601803.05276770,1226740.17613381,2601850.86554658,1226763.89795544
2269;1235;2614730.66358915,1256048.95326968,2615405.26672140,1256416.13478944
2018;1395;2639447.00994954,1252393.67570880,2639471.88832974,1252410.87359798
1971;1227;2604891.91937892,1226174.12135213,2604942.89975401,1226205.85799355
2505;1223;2599987.38924003,1253825.54381593,2600053.96224761,1253858.04632621
2490;1185;2606261.08069304,1222160.20536029,2606339.19024193,1222197.37797693
2061;1263;2602248.63045749,1218040.10896071,2602526.91015949,1218210.64135451
2296;1279;2623459.25047321,1234896.94138356,2623492.16661591,1234915.27751009
2284;1245;2604909.53612332,1230231.11481379,2607228.07412880,1231494.94135355
2161;1392;2603920.35041863,1257720.32482540,2604877.77171248,1258337.04414102
2205;1180;2600131.26527105,1232516.50759423,2602998.37541468,1234050.83411101
2118;1300;2609570.45082009,1250209.07441763,2611319.90320564,1251282.86483369
2538;1268;2615952.54047185,1252602.17376624,2617122.78386645,1253186.83437474
2033;1187;2628373.69285148,1239925.39287636,2629990.59694553,1240869.44853777
2500;1237;2613632.66322670,1229501.64176943,2613724.28129608,1229546.97439017
2286;1165;2623283.88336165,1239707.55396759,2623307.14490831,1239719.40860533
2469;1264;2620752.34905516,1243037.91924170,2620823.04006010,1243074.10937140
1936;1084;2627548.65501476,1235974.78073206,2627574.60376977,1235989.30989034
2418;1366;2613777.49913639,1240166.11237018,2618851.77271429,1243032.72018962
2199;1291;2598029.15759098,1251402.93865629,2598061.33466589,1251421.82933556
2295;1186;2598171.17462977,1230495.20551241,2598261.25891649,1230541.75887365
2370;1186;2604021.07484611,1230097.59964933,2607139.83735276,1231658.29683620
2339;1111;2610265.79530469,1248617.01514592,2613849.22540704,1250319.10614366
2195;1332;2615488.89451796,1258203.19555136,2615664.52294328,1258309.77280081
1948;1123;2616546.97671960,1256226.81721145,2617759.14921983,1256925.62096800
2479;1224;2606311.85920214,1225347.26155947,2607031.34345018,1225702.50509299
2535;1167;2599875.79233662,1231987.68853871,2600407.84572344,1232232.62199134
2043;1355;2625671.65128197,1236531.49547113,2626215.18047187,1236891.98595195
2375;1087;2619632.07378802,1244223.73632297,2619861.07557032,1244328.54682291
2362;1345;2628803.68935186,1241644.30356376,2628828.47817436,1241658.41912949
2046;1377;2616678.24052218,1251390.46398182,2617223.84090209,1251757.66423751
2337;1304;2629995.18330737,1239704.47926737,2630123.24660936,1239775.93606917
2557;1126;2610309.32847795,1239340.65820759,2610382.33619713,1239372.80787196
2558;1238;2609296.49743673,1244369.99454859,2611820.18734605,1245591.38943043
2271;1083;2623700.83139861,1235856.76149545,2625171.10113143,1236557.90729935
2032;1113;2603478.01642638,1257474.29852920,2603617.59178177,1257550.74900683
2345;1145;2612665.57559277,1247069.48340211,2614488.73854859,1247959.68450420
2486;1381;2639258.40374164,1249319.91115776,2639325.89623435,1249357.40397048
2084;1150;2608782.93948210,1249563.55489561,2608937.03592894,1249648.58892338
2420;1325;2639286.21892854,1242624.18761832,2639379.88103623,1242675.46955744
2399;1263;2606726.56713709,1225441.86160418,2607102.45906123,1225639.75718575
2511;1327;2626422.47218035,1241717.36208215,2626468.72323271,1241741.80459369
1950;1193;2611326.21969643,1242138.42577697,2611527.64722409,1242261.65810543
2096;1277;2626435.16962487,1236857.85559857,2627094.86189170,1237259.77688900
2209;1227;2607396.12941933,1231973.41248629,2607846.06727287,1232223.33269738
2023;1247;2608242.88890706,1247203.91688153,2608525.19732556,1247377.93497242
2095;1418;2616759.77052834,1238536.54379739,2617575.27400279,1239088.51703213
2366;1276;2617588.34237384,1258390.27284154,2617648.97146942,1258422.97052792
1958;1220;2629549.28139207,1239765.76824577,2629589.00771556,1239790.52111332
2154;1435;2610096.38183338,1238781.41499834,2617876.26040317,1243964.38888305
2451;1274;2602439.37136222,1232593.16867392,2605542.74164598,1234206.26281570
1962;1415;2610302.98111455,1250718.90488132,2611001.02837077,1251222.33855490
2040;1144;2606229.55241372,1228307.35791045,2610122.13258113,1230490.25580825
2304;1108;2639141.77224030,1247659.74126200,2639254.29228225,1247713.85246273
2445;1135;2631809.62331324,1245878.96661872,2631977.65251185,1245956.96790315
1928;1356;2630396.65696445,1245610.15072668,2630427.12261579,1245631.57781341
2434;1158;2609275.81579551,1238868.47623842,2609365.77721527,1238911.27628940
2431;1192;2602316.33993568,1215115.14032181,2602401.11431308,1215156.70801323
2306;1224;2613830.54892532,1259087.87362689,2614065.08824379,1259212.36457477
2252;1144;2600801.31941780,1216777.73190692,2600864.48991723,1216809.82207181
2060;1314;2598108.44071153,1217628.26512608,2598734.46826471,1218027.58561388
1932;1433;2633822.89288019,1247720.91413867,2634795.07993534,1248442.00319148
2446;1249;2606852.57250101,1224268.62272952,2606920.20232488,1224303.15651938
2254;1213;2608306.53996979,1231261.62481854,2608331.91291818,1231275.27938216
2001;1142;2622803.84345079,1241714.45643402,2623136.38206572,1241904.24109082
1950;1158;2632273.14107566,1247209.06608944,2632446.38359821,1247311.94549514
2228;1171;2634935.63901674,1246274.16964012,2635193.51651246,1246409.70579249
2027;1368;2618491.55650719,1244243.68716609,2618671.31092243,1244365.00144337
2038;1440;2606127.07731202,1258632.11864739,2606397.34398246,1258823.08233994
2247;1419;2605575.13103263,1229656.83061623,2611900.76154956,1233651.52118300
2002;1281;2597938.56362484,1224338.26360102,2598091.71947810,1224436.26192671
2079;1402;2615501.66292365,1255314.70030952,2615665.80439393,1255425.39119039
1951;1314;2610020.88430955,1228409.84196866,2613474.67843546,1230735.97496786
2522;1300;2618274.43380183,1256106.76128415,2619344.69031329,1256658.43989831
2388;1237;2614148.40444822,1224868.94068234,2614252.09378961,1224922.65245591
2087;1390;2611052.23951836,1245483.24560733,2611110.26656007,1245521.89322975
2155;1203;2597325.70698379,1253322.78536594,2597423.51909449,1253377.38767182
2066;1256;2606128.07118395,1260349.53713917,2606303.26846015,1260456.04622867
2340;1144;2630425.30771915,1244888.26727260,2631125.80845946,1245230.73430119
1928;1388;2612967.23322455,1223975.35176231,2613082.15860804,1224058.08850105
2160;1378;2603854.22371448,1246986.70775534,2604158.09705221,1247180.56769025
2121;1237;2624237.65390557,1236662.97535051,2624488.93174208,1236809.52447062
2506;1263;2635013.32444516,1249089.28795986,2635257.56892050,1249212.38483630
1929;1163;2622792.09160285,1242273.54166497,2622852.10803259,1242309.72575403
2461;1229;2602298.70792998,1228303.46285773,2602574.20771568,1228441.04483116
2240;1254;2606073.25475888,1248579.33082099,2606145.79743101,1248619.94176334
1975;1292;2623074.90750525,1238277.78663350,2625421.19623293,1239812.67525941
2384;1111;2622842.96696032,1242075.22997253,2622930.84377143,1242116.18263073
2086;1427;2619994.83240423,1243870.39688179,2620197.95859403,1244009.35233378
2342;1320;2609262.98670078,1239358.92687401,2609356.88889560,1239411.85210765
2319;1209;2605372.83852205,1229171.09320952,2605873.35795704,1229432.03671832
2188;1385;2603699.34732923,1247953.30260216,2603721.85218091,1247967.54813213
1959;1431;2598186.03619242,1224464.11421995,2598237.52995632,1224501.72911334
2518;1356;2622347.76670249,1238994.29309187,2622535.30275115,1239095.28549933
1934;1095;2601628.70497170,1233342.42322272,2601699.75866854,1233382.65269431
2384;1250;2607295.75523929,1231090.68104907,2607917.97515008,1231416.92890498
2114;1281;2627435.23164541,1238496.24587179,2630518.22509391,1240364.41739853
2261;1233;2608910.03825257,1244463.88943032,2614575.72522549,1247553.58073400
2071;1102;2612533.14843915,1224936.84762090,2613468.22504248,1225434.41131809
2161;1147;2618237.07012802,1243412.81995876,2618279.04570462,1243435.09945268
2255;1313;2615317.84625828,1253121.47594379,2615419.53171252,1253180.68348322
2470;1214;2597103.86556974,1226062.33811136,2597244.09029615,1226131.25828053
2310;1351;2623875.44647376,1236529.75080256,2623923.08469100,1236557.61194173
2018;1271;2597159.33460276,1227374.09512950,2597181.10697932,1227387.80805844
2082;1268;2603805.19351570,1258440.40121095,2603840.44047401,1258461.86765819
2183;1437;2612954.55101824,1251431.39959116,2614156.88174338,1252222.85595947
2140;1224;2612540.30041512,1240901.19830166,2612570.67131180,1240918.56931920
1995;1368;2623184.71843396,1239206.35340030,2623229.90019846,1239237.33518168
2108;1321;2623739.09210045,1241390.25775514,2623760.39483038,1241403.60733115
2451;1097;2610056.81125911,1243550.48292646,2610236.11105946,1243630.73257191
2085;1134;2642499.63057394,1248727.56951724,2642548.39152559,1248754.08986216
2400;1312;2610127.74580115,1231601.58531084,2610286.62187287,1231688.43756338
2378;1342;2621410.56472710,1246520.80783377,2621443.30523840,1246539.28460675
2270;1225;2616985.70779733,1252701.49156635,2617210.71054549,1252822.91375423
2104;1212;2604576.61896307,1234755.63625251,2604676.41791357,1234813.12500157
1973;1158;2630867.74490245,1242673.05368842,2630894.02236410,1242688.47654731
2064;1276;2613331.94456689,1237616.36637430,2613750.24779994,1237874.96856683
2130;1290;2604842.77853958,1225770.00145677,2604925.02092093,1225819.81022294
2122;1180;2601416.74054014,1228036.46596291,2601461.64028324,1228061.43377481
1996;1331;2603345.53497849,1225526.38876927,2603385.19135165,1225552.83297402
2546;1311;2600680.06828536,1222549.98442764,2600744.47864374,1222583.15095546
2459;1369;2640004.23679869,1243263.69077995,2640041.11233703,1243284.22051236
2069;1409;2612258.56536437,1251196.37657456,2613014.68625829,1251711.29892330
2337;1403;2625515.67856262,1239201.21851887,2625756.12390694,1239345.56803452
2530;1283;2608528.20409700,1225227.12610563,2608558.05154913,1225242.26218511
1948;1387;2600105.70101461,1226781.15478626,2600140.02149303,1226805.59138973
2351;1255;2604925.46602404,1219971.71668864,2605126.41216497,1220078.98483278
2064;1114;2624918.61428249,1239949.89898681,2626868.70924210,1241002.42116947
2036;1241;2629154.83943060,1241430.22515843,2629196.67173658,1241455.72314061
2283;1336;2605176.87953012,1221745.03423499,2605265.94497102,1221797.15487846
2419;1261;2626937.70594000,1240534.51229368,2627016.66397769,1240575.67231249
2461;1249;2629644.15896375,1241100.66150588,2629688.63948291,1241123.23613751
2031;1120;2608034.70834703,1246406.48896732,2614587.69140011,1250020.14776567
2554;1338;2626917.94865986,1235981.35199280,2627734.11677337,1236408.92949315
2308;1255;2608586.10980449,1239695.20517775,2608616.15761470,1239711.54400003
2034;1134;2616541.83771116,1238042.07838666,2617287.56608238,1238457.83845203
1939;1167;2627697.58356466,1241863.89887404,2627806.70748166,1241929.57582667
2068;1329;2617250.96533601,1257725.51200395,2617445.61334093,1257850.60252549
2017;1329;2635059.56474298,1247632.28157079,2635220.05930985,1247738.03133746
2105;1138;2594150.43372488,1228227.02742524,2594884.23349161,1228623.73247728
2531;1391;2612142.03137135,1237857.40264373,2617330.18726707,1240708.73604987
2256;1301;2605314.70377318,1235659.75724648,2606551.85752132,1236373.20450992
2012;1165;2593262.60775518,1229778.75357827,2593379.63701570,1229846.51654472
2056;1080;2601371.98318006,1221467.97981138,2601491.66011309,1221530.84512640
1921;1418;2614777.49300585,1257170.66080113,2615542.18854591,1257735.12632732
1977;1257;2601898.49656577,1247704.67087736,2602127.93503574,1247850.55057223
2033;1140;2598373.58503671,1228479.81576893,2599287.88483869,1228992.50724668
2526;1395;2626522.03555940,1240343.58477398,2627009.24248183,1240612.64797936
2086;1087;2623216.63139724,1237620.40048022,2630083.30218038,1241198.57456520
2427;1163;2614591.74886425,1227997.15047721,2614739.87672809,1228068.13222655
2349;1305;2610470.15654096,1237972.79079594,2610505.68096151,1237992.52658514
2103;1084;2612507.68778115,1252139.38966266,2612540.00137248,1252156.04583623
2480;1411;2623998.60102797,1240137.93181480,2624117.95330249,1240205.83748389
2318;1110;2615895.76077029,1244336.45647114,2618247.97652851,1245462.84106631
2497;1232;2599187.44013474,1217347.58305416,2599215.49563289,1217361.42541448
2502;1142;2603432.76657079,1234611.11281206,2603945.08423703,1234844.95245029
2294;1174;2607916.55816072,1231997.94968925,2609752.65421272,1232937.60826164
2372;1231;2613636.40768723,1240706.35641359,2615922.96654150,1241893.01490836
2364;1396;2611608.72860480,1237044.57403384,2615203.93122802,1239167.62939002
2251;1236;2598106.19827302,1231200.57350376,2598161.31851114,1231230.83943637
2222;1415;2605518.52601064,1222041.87885323,2605989.98554808,1222342.11073689
2391;1394;2610892.70758631,1245639.27325272,2612348.16924131,1246487.83600766
2412;1250;2609160.27740535,1246735.03581791,2609302.16876215,1246808.56989585
2374;1326;2638811.99154375,1246510.19649807,2643474.98868393,1249114.71806836
2326;1286;2616310.72498061,1259007.07655214,2616371.51659976,1259040.68705180
1950;1337;2596933.11017544,1230011.26978245,2597858.49400598,1230645.75090114
2165;1154;2599334.09238183,1230483.08518370,2605439.62606148,1233737.48974089
2426;1345;2631093.52227989,1239220.09612890,2631519.49681753,1239456.26090760
1954;1116;2600215.95115269,1219344.79181680,2600274.41612201,1219378.18327318
2162;1185;2608943.11387737,1233217.22974558,2609746.85507896,1233657.76319789
2118;1342;2643389.87958985,1246878.45495268,2643411.87246195,1246892.39000194
2164;1424;2605780.49886131,1258848.66831276,2606381.73481574,1259244.30602030
2055;1238;2603868.13870720,1226955.57961791,2606846.98468812,1228750.13500690
2428;1157;2614754.02333265,1242615.80267270,2614891.66252237,1242681.39103452
2397;1322;2622655.76626576,1237250.15262544,2622693.18335966,1237270.78900346
2049;1212;2638871.42542360,1253738.63104882,2638892.25173866,1253750.94998188
2078;1371;2610844.77591937,1231953.54858288,2610921.37879283,1232004.08878477
1938;1371;2613431.08069674,1253811.80851213,2613469.53383791,1253839.01143088
2239;1430;2609714.84846597,1226684.96757107,2609742.45791291,1226702.60111690
2259;1105;2600245.54049952,1215662.23563783,2600511.40298753,1215792.28346839
2453;1088;2617829.55334135,1239711.84860978,2619839.57893368,1240603.37239472
2111;1281;2640081.97003735,1246131.38292702,2640280.05953580,1246251.58787610
1926;1178;2599114.15462491,1227568.11681450,2599824.93694534,1228002.85283395
2260;1401;2607874.63525760,1246899.13419405,2609091.99987211,1247653.79252366
2211;1377;2614079.78059990,1239852.81010354,2614174.27101414,1239911.65827197
2260;1308;2609556.17359742,1248386.27819277,2609775.16356574,1248513.02105940
2110;1418;2613750.77608910,1249585.24671983,2613781.22913550,1249605.71232163
2159;1214;2615031.47165089,1227065.97434927,2615787.77382773,1227491.24106659
2052;1146;2609183.30047961,1244850.22794178,2610939.38514584,1245830.96528462
2385;1234;2629224.70245777,1235864.05847735,2629303.13390979,1235904.63894351
2553;1285;2637840.62912118,1242855.39002458,2637909.20571060,1242889.90663931
2139;1293;2616455.85329326,1257191.25237868,2617158.26075941,1257615.84931824
2453;1250;2613758.40023656,1242348.61661901,2614306.10747663,1242627.71733245
2335;1310;2613196.11705058,1250559.44959594,2613222.71133400,1250574.36972926
2182;1137;2622752.60623869,1235440.85193282,2626080.79092216,1237175.10765468
2330;1311;2607359.51430726,1224161.19265349,2607552.52793594,1224269.79388405
2304;1308;2605238.15759274,1257175.90999081,2605393.67733486,1257264.19984441
2220;1158;2613030.65721820,1237518.47100532,2613066.21580431,1237537.01913267
1988;1101;2622005.27854683,1235548.97222892,2622074.65456218,1235587.39425754
2066;1423;2615306.69135160,1252814.47917061,2616672.76674074,1253755.39169662
2225;1237;2608880.15058128,1248051.37066917,2611517.04506810,1249517.36549173
1940;1161;2613422.82664466,1225785.91888798,2614201.78055693,1226252.08666743
2451;1412;2640223.18227755,1247887.42011719,2642962.22915697,1249465.36144470
2476;1200;2604784.04043177,1234810.24331388,2605210.44298520,1235016.90044802
2263;1388;2614341.30000440,1239157.69796079,2614922.00244593,1239513.86896779
2356;1217;2619063.84887459,1240359.52975459,2619308.86534580,1240486.09386556
2434;1385;2613785.74735983,1230222.28444107,2613945.51538512,1230313.19599203
2175;1269;2602797.86127680,1220030.84368330,2603060.76245434,1220184.23292205
2167;1371;2608329.24925252,1235624.06681563,2608397.67739438,1235667.35937792
2086;1084;2639057.70617517,1253721.62790330,2639100.07535521,1253743.64525285
2025;1317;2599747.02438318,1227278.83479347,2600114.27094025,1227517.68107281
2071;1440;2614072.09573905,1256588.58304978,2614289.94529224,1256740.05738903
2515;1124;2622587.88439302,1240730.33435853,2623764.96400595,1241256.39300065
2182;1439;2621891.38671036,1238480.85398200,2623848.95197046,1239771.84225389
2396;1378;2612269.52989970,1222788.43799632,2612319.37126134,1222817.10301983
2157;1228;2609835.44816433,1237614.64867073,2610240.82421857,1237845.43299831
2434;1152;2600784.87700020,1219010.01144261,2600969.41091592,1219097.35041997
2085;1410;2600058.97283465,1226726.81220001,2600111.61903314,1226762.41466518
2453;1204;2611719.31734999,1252256.73612461,2612164.34413757,1252475.16753604
2332;1407;2601265.09863556,1226741.17715872,2602211.54488770,1227312.21055356
2249;1124;2610288.50713796,1253416.33280810,2610324.83012757,1253434.48622754
2110;1225;2608431.18570731,1239676.35212741,2608730.07895088,1239849.88019536
2471;1411;2609669.71770345,1231227.16151627,2609984.62871856,1231406.98322502
2357;1333;2596932.39529240,1229483.28767531,2597419.71939471,1229758.89354226
2194;1238;2604416.92233656,1225349.86635147,2604570.52965742,1225436.54176770
2089;1215;2604803.12906937,1257645.28458473,2604841.58667560,1257667.65222071
1986;1089;2617524.62607999,1240448.97475038,2617565.66139813,1240471.47598978
2123;1429;2612192.06421407,1236987.88123047,2612221.46251516,1237007.66934741
1943;1436;2613493.54486230,1239081.74858563,2613703.54354321,1239236.95090462
2151;1269;2597988.15907559,1216523.98266188,2598153.88543490,1216621.75427971
2446;1247;2597062.61857072,1252113.23719518,2597517.76853452,1252345.27808024
2217;1246;2608545.77775023,1225638.89391165,2608610.91342674,1225675.50151333
2481;1205;2603672.48647289,1236114.62186074,2604014.06486380,1236280.52349760
2452;1090;2617653.00330216,1246219.18353731,2617850.61108932,1246307.02712948
2462;1138;2628917.26389187,1240813.02088924,2633803.17166210,1243071.41367662
2359;1119;2602434.90389577,1218266.12492158,2602464.00770380,1218279.93041593
2535;1289;2624384.86930337,1239937.72821357,2624724.31617699,1240110.33058836
2078;1358;2599819.35896072,1251942.39934291,2599847.01194992,1251960.47093066
2282;1278;2640500.23621103,1244524.19050738,2640574.93644180,1244566.02525537
2113;1199;2621704.58044600,1243784.27943610,2621736.12343590,1243802.17817954
2208;1348;2604025.47343377,1233300.74844870,2608405.79564205,1235974.96689832
2178;1086;2636270.50423505,1244789.01443846,2643032.40381934,1248160.65031933
1993;1215;2641342.18194633,1243996.64609748,2641568.81795500,1244134.81105008
2262;1140;2612962.26330702,1253141.53790722,2613036.86293395,1253179.13453618
2428;1157;2616103.56590846,1244701.14203734,2616705.04173706,1244987.75963771
2011;1330;2603827.94580329,1227850.74265505,2604833.12374097,1228515.52965510
2442;1101;2641843.40456963,1247351.16159356,2642631.76083179,1247706.59985917
2150;1264;2607681.36086983,1250895.59434339,2607734.77714354,1250926.99814338
1978;1424;2618100.11930003,1243686.73370538,2618123.32200763,1243703.43777800
2192;1121;2613024.34806692,1242281.55086400,2613077.18274299,1242308.57078730
2130;1390;2608171.63048477,1249974.89924958,2608470.93316559,1250170.21883941
2194;1095;2641074.79874140,1245406.60303673,2641273.54414278,1245505.79456568
2241;1266;2602063.84550405,1257693.37576479,2603752.69172972,1258647.44953618
2543;1324;2630666.88985193,1244315.29318401,2632185.56882667,1245105.98565847
2289;1433;2614382.50058572,1254328.66118099,2614606.13657645,1254468.66571341
2029;1090;2616158.63750321,1251170.43961123,2616399.51711131,1251299.84265353
2382;1322;2605499.09771731,1234477.05246551,2605530.30013841,1234494.36967823
2185;1085;2597967.19776700,1225846.38648755,2598040.76225712,1225882.91622292
2449;1280;2613768.54382829,1245884.38955028,2613823.49884063,1245913.11246404
2317;1333;2605388.27348950,1227298.78858615,2605453.00904126,1227336.03178446
2237;1133;2608050.98506505,1226296.17707435,2609492.85440345,1227026.45778978
2462;1367;2606886.93471218,1225687.80723948,2607505.21525313,1226031.10110604
1991;1269;2613917.97340931,1247325.50733207,2614004.51257206,1247380.66463871
1991;1330;2613206.71133118,1258574.26816099,2613463.86229682,1258746.04655592
2234;1378;2596322.69465269,1228655.70130535,2599232.70760755,1230450.68691493
2428;1092;2640164.91084985,1245465.05327736,2640551.74386676,1245639.03254196
2053;1189;2609764.39829234,1233796.22406614,2610380.79344506,1234153.21083505
2501;1412;2612650.76626945,1251156.45265382,2613086.41668566,1251402.40962611
1949;1404;2623297.96030833,1242787.09223450,2623360.09563595,1242831.85262443
2266;1278;2614907.16836457,1258397.05651407,2615039.21462608,1258471.52920701
2483;1374;2608999.98894330,1245894.08860554,2609205.04825837,1246007.56081613
2191;1105;2638405.97764414,1248499.11616501,2641994.76353191,1250309.06979623
2178;1204;2618571.01006089,1243226.02994561,2620500.26771476,1244292.52499394
2435;1145;2628299.30109464,1241946.66716551,2628581.70910633,1242079.46271926
1968;1159;2626054.80189616,1242868.15185458,2626160.07923588,1242930.15207650
2275;1323;2614655.50931427,1257467.80163996,2614770.82478816,1257534.86202324
2037;1183;2615295.94201739,1242008.51773087,2616650.48345596,1242795.17581719
2443;1260;2597712.44190270,1226469.29433866,2597776.66898415,1226502.42005402
1979;1266;2615872.22918473,1257029.57609601,2615924.42754692,1257062.96827717
2513;1093;2619327.34266447,1241659.96028836,2620763.80218787,1242284.73158127
2526;1429;2599633.56333223,1251468.64937821,2600330.43798291,1251862.88289991
2284;1125;2604982.24316001,1258104.43759362,2605923.04817809,1258567.83761348
2435;1422;2616341.13898560,1239700.83997793,2616436.55438317,1239756.56100271
2121;1295;2602726.45700383,1218955.64907989,2602768.64822587,1218981.40939697
2025;1408;2617410.79022240,1252776.29004509,2617470.62739103,1252817.89534555
2012;1293;2630331.63861962,1244565.93720391,2632318.04103126,1245842.48706388
2234;1377;2610542.91791807,1252832.21114179,2610685.83411133,1252920.30227792
2173;1171;2596769.39678316,1227342.07194565,2597094.42207442,1227517.22363274
2129;1214;2599566.78872118,1228380.30014916,2599742.39314838,1228480.43343926
2249;1086;2609991.87802757,1241214.28180692,2610649.55548888,1241531.86194164
2318;1360;2628981.50392195,1242917.29391083,2629031.56156507,1242946.66336495
2492;1390;2605151.05166563,1228104.80046311,2605188.65450221,1228125.77475800
2388;1348;2622732.25992093,1242384.68218944,2622978.86874131,1242523.89018352
2516;1279;2635539.63551574,1248452.41615849,2636301.12450847,1248839.51648509
2473;1156;2606748.56138263,1229817.09768798,2606785.54954005,1229834.38774458
2376;1118;2602652.37111831,1225490.01654068,2602689.60357752,1225507.53585441
2085;1358;2606861.32455882,1237077.90741293,2607104.29942020,1237236.16154327
2037;1151;2609383.51280904,1240091.27027599,2609422.11089927,1240113.07999708
2547;1301;2632128.66177024,1242312.01427078,2632176.89980008,1242336.65411249
